,Citations,Likes,en.search.wordpress.com,en.wikipedia.org,europepmc.org,f1000.com,scholar.google.com,twitter.com,www.citeulike.org,Pubmed_Citations,Scopus
3,8.0,,,,12.0,3.0,,,,10.0,18.0
5,27.0,4.0,,,41.0,3.0,1.0,,,33.0,60.0
7,21.0,,,,23.0,,7.0,,,26.0,47.0
11,26.0,,,,61.0,,,,1.0,56.0,68.0
12,1.0,,,,5.0,,,,,5.0,6.0
13,19.0,,,,26.0,4.0,1.0,,1.0,20.0,31.0
31,,,,,2.0,,,,,3.0,4.0
36,6.0,,,,10.0,,3.0,,1.0,5.0,13.0
47,36.0,,,,61.0,,3.0,,1.0,43.0,63.0
48,22.0,,,,35.0,,,,1.0,34.0,44.0
49,82.0,,,,132.0,15.0,1.0,6.0,,136.0,2.0
51,,,,,2.0,,2.0,,,3.0,5.0
65,24.0,1.0,,,50.0,2.0,9.0,,2.0,38.0,66.0
67,15.0,,,,15.0,,,,,13.0,19.0
68,5.0,,,,14.0,,,,3.0,11.0,11.0
70,7.0,,,,19.0,,8.0,,,17.0,22.0
78,6.0,,,,12.0,3.0,2.0,,1.0,10.0,15.0
93,3.0,,,,7.0,,,,,7.0,8.0
102,15.0,,,,21.0,,,,,16.0,32.0
105,2.0,,,,4.0,,,,,1.0,4.0
109,28.0,,,,40.0,2.0,1.0,,,45.0,36.0
116,12.0,,,,14.0,,3.0,,1.0,11.0,24.0
117,13.0,,,,20.0,,,,,18.0,20.0
133,5.0,,,,14.0,,5.0,,,11.0,18.0
160,10.0,,,,13.0,,3.0,,,16.0,22.0
170,8.0,,,,14.0,,4.0,,,12.0,9.0
171,6.0,,,,10.0,,,,,9.0,9.0
173,14.0,,,,20.0,,,,,15.0,25.0
178,13.0,,,,18.0,,,,1.0,12.0,20.0
181,6.0,,,,8.0,,,,,10.0,15.0
183,16.0,1.0,,,15.0,3.0,1.0,,,6.0,26.0
184,3.0,,,,6.0,,3.0,,,5.0,8.0
190,8.0,,,,18.0,1.0,,,,19.0,15.0
205,38.0,,,,76.0,,,,1.0,55.0,86.0
218,11.0,,,,11.0,,6.0,,,10.0,13.0
220,3.0,,,,8.0,,,,,9.0,1.0
230,10.0,,,,21.0,,5.0,,,20.0,31.0
231,9.0,,,,23.0,1.0,,,1.0,20.0,20.0
247,2.0,,,,5.0,2.0,,,,8.0,11.0
248,21.0,,,,25.0,,13.0,,,22.0,36.0
260,22.0,,,,34.0,,2.0,,,29.0,51.0
269,20.0,,,,27.0,,,,1.0,23.0,47.0
278,1.0,,,,2.0,,,,,1.0,3.0
288,8.0,,,,13.0,,,,,12.0,16.0
290,9.0,,,,10.0,,3.0,,,11.0,26.0
291,35.0,,,,35.0,2.0,2.0,,1.0,32.0,58.0
299,13.0,,,,23.0,,11.0,,,23.0,31.0
306,6.0,,,,14.0,,,,,11.0,13.0
311,27.0,,,,32.0,,,,2.0,37.0,5.0
312,14.0,,,,19.0,,,,1.0,20.0,28.0
321,,,,,1.0,,3.0,,2.0,1.0,2.0
324,7.0,,,,9.0,,,,,8.0,13.0
327,9.0,,,,13.0,,,,,15.0,12.0
329,3.0,,,,11.0,,1.0,,2.0,7.0,11.0
333,13.0,,,,22.0,,10.0,,1.0,22.0,22.0
334,7.0,,,,11.0,,,,,9.0,9.0
336,11.0,,,,9.0,,2.0,,1.0,9.0,13.0
337,4.0,,,,7.0,,,,,7.0,8.0
348,20.0,2.0,,,33.0,,1.0,,9.0,41.0,46.0
354,13.0,1.0,,,25.0,,1.0,,1.0,26.0,31.0
358,4.0,,,,9.0,2.0,,,,8.0,11.0
362,11.0,1.0,,,24.0,1.0,6.0,,2.0,16.0,32.0
367,9.0,,,,14.0,,,,1.0,10.0,15.0
378,2.0,,,,4.0,,3.0,,,4.0,4.0
380,,,,,2.0,2.0,,,,2.0,1.0
400,12.0,,,,26.0,,1.0,,,22.0,27.0
411,1.0,,,,1.0,,,,1.0,2.0,3.0
421,3.0,,,,4.0,,,,,6.0,11.0
422,29.0,,,,51.0,,4.0,,,42.0,58.0
425,9.0,,,,16.0,,,,,13.0,23.0
426,3.0,,,,9.0,,,,2.0,8.0,9.0
429,3.0,,,,11.0,,,,,6.0,10.0
435,2.0,2.0,,,15.0,,2.0,,1.0,12.0,17.0
444,10.0,,,,19.0,4.0,,,,16.0,21.0
458,21.0,,,,60.0,2.0,66.0,,,58.0,72.0
459,5.0,,,,21.0,5.0,,,,19.0,17.0
461,65.0,,,,108.0,18.0,2.0,,1.0,105.0,128.0
467,1.0,,,,2.0,,,,,3.0,1.0
471,154.0,1.0,2.0,,212.0,4.0,3.0,,1.0,238.0,379.0
473,8.0,,,,18.0,1.0,,,2.0,24.0,27.0
481,8.0,,,,11.0,1.0,,,,17.0,22.0
482,9.0,2.0,,,14.0,1.0,1.0,,,16.0,19.0
498,11.0,,,,36.0,,1.0,,,32.0,53.0
499,44.0,,,,73.0,,,,,51.0,90.0
505,8.0,,,,23.0,5.0,1.0,,,25.0,37.0
508,1.0,,,,4.0,,2.0,,,4.0,4.0
518,3.0,,,,6.0,,,,,4.0,8.0
522,6.0,,,,12.0,,,,3.0,13.0,7.0
523,20.0,,,,64.0,,1.0,,4.0,56.0,71.0
534,33.0,,,,73.0,,,,2.0,59.0,87.0
537,10.0,,,,24.0,,,,,22.0,33.0
542,3.0,,,,6.0,,,,,5.0,10.0
558,14.0,,,,16.0,3.0,,,,15.0,19.0
569,20.0,,,,57.0,,2.0,,2.0,46.0,64.0
590,26.0,45.0,,,31.0,1.0,133.0,2.0,1.0,34.0,39.0
592,22.0,,,,29.0,,2.0,,3.0,30.0,38.0
594,18.0,,,,36.0,,,,,31.0,46.0
603,1.0,,,,12.0,,,,5.0,15.0,18.0
626,10.0,,,,41.0,,2.0,,,41.0,39.0
631,22.0,1.0,,,52.0,2.0,1.0,,2.0,52.0,60.0
632,7.0,,,,15.0,,,,,12.0,23.0
633,18.0,,,,33.0,,,,1.0,29.0,39.0
640,4.0,,,,5.0,,,,,3.0,9.0
647,3.0,,,,11.0,6.0,,,,9.0,11.0
658,2.0,,,,2.0,,,,,1.0,4.0
662,,,,,3.0,,90.0,,,6.0,8.0
666,7.0,,,,13.0,,,,,13.0,16.0
668,10.0,,,,13.0,,,,2.0,10.0,1.0
675,17.0,1.0,,,27.0,3.0,1.0,,3.0,31.0,49.0
699,4.0,,,,6.0,,,,2.0,9.0,8.0
704,23.0,,,,28.0,,,,,25.0,31.0
708,1.0,,,,5.0,,1.0,,,6.0,5.0
710,4.0,,,,8.0,,1.0,1.0,,9.0,8.0
712,4.0,,,,8.0,,1.0,,,6.0,10.0
723,12.0,,,,22.0,3.0,,,,24.0,33.0
726,16.0,,,,41.0,2.0,,,4.0,34.0,52.0
731,19.0,2.0,,,38.0,2.0,7.0,4.0,2.0,27.0,44.0
736,11.0,,,,13.0,,,,,12.0,16.0
744,7.0,,,,12.0,,5.0,,,12.0,14.0
745,6.0,,,,14.0,,,,,12.0,17.0
747,21.0,3.0,,,68.0,1.0,1.0,,5.0,57.0,85.0
757,8.0,,,,11.0,4.0,,,,9.0,25.0
759,4.0,1.0,,,8.0,3.0,1.0,,,6.0,13.0
762,21.0,,,,50.0,,,,1.0,41.0,64.0
768,8.0,,,,9.0,,,,,12.0,17.0
776,8.0,,,,13.0,,2.0,,,11.0,10.0
778,7.0,,,,15.0,,3.0,,,10.0,22.0
780,6.0,,,,10.0,,1.0,,3.0,9.0,19.0
782,2.0,,,,12.0,,,,,12.0,7.0
785,16.0,,,,41.0,,1.0,,2.0,33.0,28.0
790,15.0,,,,30.0,,,,,17.0,43.0
792,24.0,,,,21.0,,,,,18.0,35.0
800,9.0,,,,9.0,2.0,,,,8.0,12.0
801,8.0,,,,15.0,,,,3.0,11.0,18.0
802,1.0,,,,3.0,,1.0,,,1.0,5.0
806,3.0,,,,5.0,,,,,5.0,4.0
808,11.0,,,,35.0,,,,1.0,31.0,41.0
813,9.0,,,,7.0,4.0,,,,7.0,9.0
822,7.0,,,,18.0,,,,,13.0,
824,8.0,,,,20.0,,,,,21.0,19.0
825,1.0,,,,3.0,,,,,3.0,4.0
828,12.0,,,,22.0,3.0,,,,21.0,1.0
844,4.0,,,,8.0,,,,1.0,5.0,6.0
845,9.0,,,,13.0,,,,,9.0,20.0
857,7.0,,,,20.0,,,,,18.0,32.0
861,3.0,,,,19.0,,1.0,,,16.0,25.0
862,3.0,,,,6.0,,,,,7.0,2.0
863,2.0,,,,9.0,,,,1.0,11.0,1.0
868,3.0,6.0,,,14.0,,2.0,,,12.0,18.0
882,2.0,,,,5.0,,,,,6.0,2.0
884,6.0,,,,14.0,,6.0,,,12.0,18.0
886,11.0,,,,31.0,,,,1.0,22.0,38.0
905,3.0,,,,9.0,,,,,7.0,10.0
924,6.0,,,,12.0,,1.0,,,12.0,15.0
926,8.0,,,,20.0,,4.0,,,18.0,26.0
932,1.0,1.0,,,3.0,,14.0,,2.0,3.0,3.0
943,6.0,,,,6.0,2.0,7.0,,,5.0,10.0
947,16.0,,,,37.0,7.0,,,,35.0,27.0
951,2.0,,,,10.0,3.0,,,,7.0,11.0
953,12.0,,,,24.0,2.0,,,,16.0,29.0
960,2.0,,,,13.0,,,,,15.0,19.0
961,10.0,21.0,,,15.0,,19.0,,1.0,8.0,3.0
966,7.0,,,,14.0,,,,,12.0,18.0
967,3.0,,,,10.0,2.0,,,,12.0,11.0
969,2.0,,,,5.0,,,,,6.0,11.0
971,12.0,,,,19.0,,,,,13.0,19.0
983,14.0,,,,20.0,,,,,21.0,34.0
994,5.0,,,,18.0,2.0,,,,14.0,2.0
996,3.0,,,,10.0,,1.0,,,11.0,12.0
999,5.0,,,,14.0,,,,,12.0,7.0
1004,5.0,,,,16.0,,,,,15.0,24.0
1008,5.0,,,,15.0,1.0,1.0,,,15.0,21.0
1020,,,,,5.0,,,,,4.0,6.0
1030,22.0,,,,36.0,,4.0,,,31.0,50.0
1064,2.0,,,,6.0,,10.0,,,6.0,1.0
1067,1.0,,,,2.0,2.0,1.0,,,2.0,2.0
1071,10.0,,,,18.0,,,,,15.0,25.0
1074,,,,,3.0,,,,,5.0,4.0
1084,3.0,,,,8.0,,,,,8.0,6.0
1085,,,,,2.0,,1.0,,,2.0,5.0
1086,14.0,,,,20.0,,,,,17.0,19.0
1096,2.0,,,,6.0,1.0,2.0,,,8.0,14.0
1098,6.0,,,,12.0,2.0,,,,12.0,13.0
1102,15.0,,,,35.0,2.0,8.0,,4.0,23.0,14.0
1104,5.0,,,,15.0,,8.0,,4.0,8.0,23.0
1119,3.0,,,,5.0,2.0,5.0,,,6.0,6.0
1120,5.0,,,,9.0,,,,,8.0,2.0
1123,5.0,,,,16.0,,,,3.0,15.0,18.0
1133,3.0,,,,11.0,,7.0,,,9.0,5.0
1149,2.0,,,,8.0,,,,,7.0,9.0
1157,4.0,,,,11.0,,9.0,,,11.0,7.0
1160,1.0,,,,3.0,,1.0,,,3.0,3.0
1169,7.0,,,,13.0,,,,,11.0,22.0
1179,19.0,,,,43.0,3.0,,,3.0,38.0,66.0
1180,1.0,,,,9.0,,,,,11.0,2.0
1197,7.0,,,,10.0,1.0,,,2.0,7.0,9.0
1201,4.0,,,,18.0,,,,2.0,19.0,7.0
1202,34.0,,,,96.0,6.0,2.0,,7.0,65.0,105.0
1206,1.0,,,,3.0,,,,,4.0,9.0
1211,1.0,,,,5.0,,,,,5.0,7.0
1213,3.0,,,,13.0,,3.0,2.0,,10.0,8.0
1222,2.0,,,,18.0,,,,,20.0,8.0
1228,2.0,,,,3.0,,,,,3.0,3.0
1229,9.0,,,,16.0,3.0,,,3.0,15.0,3.0
1236,3.0,,,,11.0,,,,2.0,12.0,3.0
1239,1.0,,,,3.0,,,,,2.0,1.0
1256,6.0,,,,11.0,1.0,1.0,,5.0,12.0,17.0
1257,1.0,,,,17.0,,,,1.0,15.0,29.0
1273,1.0,1.0,,,4.0,,1.0,,,6.0,2.0
1279,1.0,,,,5.0,,2.0,,,4.0,
1287,6.0,3.0,,,15.0,,10.0,,,18.0,18.0
1289,1.0,,,,4.0,1.0,,,,6.0,5.0
1293,4.0,,,,6.0,,,,,6.0,10.0
1295,3.0,,,,9.0,,,,,9.0,13.0
1296,4.0,,,,8.0,2.0,,,,6.0,2.0
1298,2.0,,,,13.0,3.0,,,,13.0,10.0
1299,6.0,,,,12.0,,3.0,,,13.0,12.0
1305,5.0,,,,7.0,,,,,7.0,8.0
1308,3.0,,,,20.0,,2.0,,1.0,19.0,28.0
1310,1.0,,,,5.0,,4.0,,,4.0,8.0
1311,6.0,1.0,,,16.0,,2.0,,,22.0,6.0
1312,2.0,,,,11.0,,,,,11.0,12.0
1319,6.0,,,,8.0,3.0,1.0,,2.0,9.0,16.0
1322,1.0,1.0,,,9.0,,198.0,1.0,1.0,9.0,6.0
1323,4.0,,,,18.0,,,,,21.0,15.0
1326,2.0,,,,6.0,,,,,5.0,9.0
1339,4.0,,,,11.0,2.0,2.0,,2.0,9.0,13.0
1340,9.0,,,,22.0,,,,,19.0,23.0
1341,3.0,,,,3.0,,,,,3.0,2.0
1345,11.0,1.0,,,15.0,5.0,2.0,,1.0,17.0,6.0
1350,2.0,,,,10.0,,1.0,,1.0,10.0,6.0
1355,8.0,,,,18.0,,,,,12.0,6.0
1369,2.0,,,,10.0,,,,,10.0,3.0
1370,2.0,,,,3.0,,1.0,,2.0,3.0,5.0
1374,1.0,,,,8.0,,4.0,,1.0,11.0,12.0
1381,1.0,1.0,,,14.0,,1.0,,2.0,12.0,13.0
1385,3.0,,,,10.0,,,,,12.0,13.0
1386,1.0,,,,3.0,,,,,5.0,1.0
1402,2.0,,,,6.0,,,,1.0,8.0,13.0
1412,,,,,4.0,2.0,,,,3.0,3.0
1426,6.0,,,,22.0,,,,,21.0,35.0
1434,4.0,,,,9.0,4.0,,,,8.0,3.0
1439,3.0,,,,14.0,,,,,14.0,5.0
1440,,,,,1.0,,,,,3.0,6.0
1457,2.0,,,,5.0,,,,,6.0,
1460,2.0,,,,9.0,,,,,8.0,4.0
1462,5.0,,,,14.0,,2.0,,,12.0,18.0
1465,3.0,,,,4.0,,1.0,,,6.0,11.0
1473,1.0,,,,4.0,,1.0,,,6.0,9.0
1479,2.0,,,,9.0,,,,,10.0,3.0
1481,3.0,,,,13.0,,,,,13.0,
1482,6.0,,,,11.0,,1.0,,,9.0,12.0
1483,3.0,,,,9.0,,,,,9.0,11.0
1488,3.0,,,,9.0,,,,,10.0,
1489,8.0,,,,31.0,,2.0,,,26.0,
1496,4.0,,,,4.0,,,,,3.0,2.0
1498,3.0,,,,10.0,,2.0,,,6.0,3.0
1501,2.0,,,,9.0,,,,1.0,8.0,9.0
1503,14.0,,,,42.0,2.0,,,1.0,40.0,46.0
1519,,,,,1.0,,,,,2.0,3.0
1524,2.0,,,,9.0,,,,,9.0,
1530,1.0,,,,3.0,,,,1.0,5.0,5.0
1535,7.0,,,,19.0,,9.0,,,14.0,
1539,2.0,,,,4.0,,,,,2.0,9.0
1557,1.0,,,,7.0,,11.0,,,8.0,12.0
1566,3.0,,,,10.0,,12.0,,,9.0,16.0
1567,,,,,2.0,,10.0,,,4.0,1.0
1569,,,,,2.0,,,,,2.0,1.0
1574,2.0,,,,7.0,,,,,6.0,7.0
1579,3.0,,,,7.0,2.0,,,,6.0,7.0
1581,,1.0,,,1.0,,1.0,,1.0,2.0,2.0
1584,3.0,,,,4.0,,,,,5.0,5.0
1596,5.0,2.0,,,8.0,3.0,1.0,,,8.0,1.0
1603,1.0,,,,5.0,,2.0,,,4.0,10.0
1604,,,,,,,1.0,,,,1.0
1607,3.0,,,,17.0,,,,,14.0,20.0
1610,2.0,,,,7.0,,1.0,,1.0,6.0,2.0
1612,7.0,,,,18.0,1.0,1.0,,,14.0,7.0
1621,1.0,,,,7.0,,11.0,14.0,,4.0,2.0
1623,4.0,,,,9.0,,,,,9.0,1.0
1630,4.0,,,,20.0,2.0,,,5.0,19.0,22.0
1632,8.0,,,,16.0,4.0,,,,16.0,14.0
1637,3.0,,,,10.0,,,,,7.0,3.0
1659,9.0,1.0,,,40.0,2.0,1.0,,,34.0,66.0
1671,6.0,,,,19.0,,,,2.0,9.0,27.0
1681,1.0,,,,5.0,,912.0,,,4.0,8.0
1684,1.0,,,,7.0,,3.0,,,7.0,11.0
1694,1.0,,,,2.0,,,,,,
1695,3.0,,,,6.0,,,,,5.0,8.0
1699,,7.0,,,2.0,,9.0,,,2.0,
1715,3.0,,,,12.0,,1.0,,,7.0,4.0
1724,3.0,,,,3.0,,5.0,,,3.0,7.0
1730,,,,,2.0,,5.0,,,2.0,
1739,2.0,2.0,,,12.0,,2.0,,,14.0,8.0
1741,5.0,2.0,,,16.0,,28.0,1.0,,12.0,
1749,33.0,,,,103.0,1.0,,,4.0,91.0,121.0
1751,1.0,,,,5.0,,4.0,,,4.0,8.0
1754,2.0,,,,12.0,2.0,7.0,,,10.0,
1775,4.0,,,,9.0,,,,1.0,7.0,
1776,2.0,,,,11.0,,,,,10.0,23.0
1808,2.0,7.0,,,12.0,2.0,41.0,,1.0,11.0,16.0
1812,2.0,,,,14.0,,1.0,,,13.0,9.0
1817,,13.0,,,2.0,,28.0,,,4.0,1.0
1828,,,,,4.0,1.0,1.0,,1.0,4.0,6.0
1831,1.0,,,,3.0,,39.0,,,2.0,
1832,2.0,,,,9.0,,2.0,,,8.0,10.0
1833,4.0,1.0,,,7.0,,2.0,,1.0,10.0,
1834,3.0,,,,12.0,,,,,14.0,
1846,1.0,,,,14.0,,,,,11.0,3.0
1849,,,,,3.0,,,,,3.0,2.0
1856,6.0,,,,14.0,2.0,1.0,,,13.0,
1857,2.0,,,,12.0,,,,,11.0,15.0
1861,2.0,,,,12.0,,1.0,,2.0,13.0,
1867,5.0,,,,14.0,,16.0,,,16.0,23.0
1879,3.0,,,,11.0,,,,,8.0,11.0
1883,5.0,,,,9.0,,1.0,,,8.0,17.0
1888,2.0,,,,4.0,,46.0,,,3.0,8.0
1892,2.0,,,,6.0,,1.0,,1.0,9.0,16.0
1901,2.0,,,,9.0,,,,,8.0,
1906,5.0,,,,7.0,,,,,5.0,6.0
1911,2.0,,,,10.0,,72.0,,,6.0,1.0
1913,,,,,2.0,,,,,1.0,
1916,2.0,,,,3.0,,1.0,,1.0,2.0,5.0
1917,2.0,,,,4.0,,,,,3.0,8.0
1936,1.0,,,,13.0,3.0,3.0,,,11.0,7.0
1939,1.0,,,,6.0,,,,,5.0,4.0
1944,1.0,,,,6.0,,,,,4.0,8.0
1948,5.0,2.0,,,19.0,,1.0,,,21.0,20.0
1949,,,,,3.0,,,,,1.0,4.0
1958,3.0,2.0,,,9.0,,62.0,1.0,,6.0,
1963,12.0,,,,25.0,,,,2.0,24.0,
1964,1.0,,,,8.0,,,,,7.0,9.0
1967,3.0,5.0,,,16.0,,92.0,,,16.0,4.0
1977,,,,,3.0,,,,,8.0,10.0
1982,2.0,,,,4.0,,3.0,,1.0,8.0,11.0
1993,4.0,,,,12.0,,2.0,,,11.0,12.0
1998,2.0,,,,4.0,,,,,3.0,4.0
2001,4.0,,,,9.0,,2.0,,,10.0,2.0
2008,3.0,,,,13.0,,4.0,,,13.0,22.0
2009,1.0,,,,4.0,,3.0,,,4.0,3.0
2020,3.0,1.0,,,1.0,,708.0,,1.0,1.0,
2024,,,,,11.0,,,,2.0,10.0,11.0
2028,1.0,,,,4.0,,,,,8.0,5.0
2030,3.0,,,,13.0,,,,4.0,39.0,32.0
2040,1.0,,,,9.0,,3.0,,,8.0,14.0
2042,3.0,,,,19.0,,,,,25.0,5.0
2043,,,,,2.0,,,,1.0,3.0,4.0
2046,7.0,,,,26.0,,,,1.0,24.0,7.0
2053,,,,,2.0,,36.0,,,3.0,3.0
2057,3.0,1.0,,,7.0,,38.0,,1.0,11.0,2.0
2069,1.0,,,,3.0,,7.0,,,6.0,5.0
2076,2.0,,,,8.0,,,,1.0,7.0,11.0
2077,,,,,1.0,,21.0,,,2.0,
2078,1.0,,,,3.0,,,,,3.0,4.0
2104,,,,,3.0,,1.0,,,7.0,
2109,3.0,,,,6.0,,,,,9.0,7.0
2115,1.0,,,,10.0,,37.0,,,11.0,18.0
2130,1.0,,,,14.0,,1.0,,,14.0,4.0
2131,1.0,,,,8.0,,,,,5.0,12.0
2137,1.0,2.0,,,17.0,,61.0,,,16.0,20.0
2148,1.0,,,,11.0,,1.0,,,11.0,10.0
2151,2.0,,,,11.0,,,,,12.0,13.0
2152,,,,,3.0,,,,,4.0,
2164,1.0,,,,5.0,,,,,5.0,5.0
2172,1.0,,,,7.0,4.0,,,2.0,8.0,9.0
2181,3.0,,,,1.0,,3.0,,,4.0,5.0
2184,1.0,,,,6.0,,1.0,,1.0,13.0,
2190,2.0,,,,17.0,,1.0,,,20.0,13.0
2196,,,,,,,,,,1.0,
2200,1.0,,,,19.0,,22.0,,1.0,16.0,3.0
2203,2.0,,,,13.0,,,,1.0,12.0,8.0
2206,,,,,3.0,,1.0,,,8.0,2.0
2208,,,,,9.0,,,,,5.0,17.0
2217,3.0,1.0,3.0,,8.0,,5.0,,,7.0,8.0
2218,1.0,,,,10.0,,1.0,,,12.0,1.0
2224,,,,,1.0,,,,,2.0,7.0
2230,2.0,1.0,,,6.0,,1.0,,,12.0,19.0
2236,,,,,1.0,2.0,,,,1.0,4.0
2238,2.0,,,,14.0,,4.0,,,16.0,
2242,6.0,,,,40.0,,352.0,,,35.0,42.0
2245,2.0,6.0,,,5.0,3.0,4.0,,,5.0,14.0
2252,,,,,4.0,,,,,3.0,5.0
2257,1.0,,,,5.0,1.0,2.0,,,6.0,6.0
2260,1.0,,,,4.0,,,,,7.0,12.0
2265,2.0,,,,5.0,,12.0,,,9.0,9.0
2270,,,,,2.0,,57.0,,,2.0,3.0
2272,3.0,,,,11.0,,1.0,,,8.0,6.0
2277,1.0,,,,5.0,,1.0,,,6.0,8.0
2283,,,,,7.0,,,,,12.0,11.0
2286,,,,,1.0,,,,,4.0,5.0
2304,,,,,1.0,,1.0,,1.0,3.0,
2313,6.0,,,,11.0,,,,,12.0,16.0
2324,2.0,,,,11.0,,285.0,,,11.0,3.0
2349,,,,,2.0,,,,,2.0,
2362,2.0,,,,11.0,,,,,6.0,12.0
2365,1.0,,,,7.0,,3.0,,,6.0,5.0
2370,2.0,,,,8.0,,,,,8.0,10.0
2372,,,,,2.0,,,,1.0,3.0,4.0
2375,,,,,5.0,,,,,4.0,1.0
2384,,,,,5.0,,,,,5.0,2.0
2391,1.0,,,,12.0,,,,,9.0,11.0
2395,,3.0,,,12.0,2.0,66.0,,,12.0,14.0
2397,1.0,,,,2.0,,,,,3.0,2.0
2403,,6.0,,,19.0,,421.0,,,13.0,2.0
2407,2.0,,,,29.0,,9.0,,3.0,30.0,43.0
2409,3.0,,,,2.0,,32.0,,,13.0,8.0
2419,5.0,,,,7.0,,,,,7.0,
2439,5.0,,,,7.0,,59.0,,,6.0,1.0
2440,,2.0,,,,2.0,89.0,,,,1.0
2443,,,,,3.0,,2.0,,,3.0,1.0
2444,,,,,5.0,,,,1.0,5.0,4.0
2445,,,,,9.0,,,,1.0,9.0,11.0
2450,1.0,22.0,,,6.0,,1.0,,,8.0,9.0
2451,1.0,,,,5.0,,1.0,,,4.0,6.0
2478,2.0,2.0,,,7.0,,6.0,,,9.0,10.0
2481,2.0,,,,17.0,,,,,17.0,20.0
2482,1.0,,,,12.0,,50.0,,,16.0,14.0
2501,,,,,,,42.0,,,3.0,
2504,,,,,2.0,,7.0,,,4.0,7.0
2510,,,,,12.0,,2.0,,1.0,12.0,
2511,2.0,4.0,,,7.0,,4.0,,,5.0,7.0
2523,2.0,,,,10.0,,2.0,,,15.0,4.0
2525,,,,,1.0,,,,,4.0,5.0
2535,1.0,,,,4.0,,,,,9.0,10.0
2536,1.0,,,,15.0,,,,,20.0,21.0
2555,,,,,3.0,,,,,9.0,5.0
2557,3.0,,,,14.0,,,,,17.0,21.0
2559,1.0,,,,6.0,,18.0,,,6.0,2.0
2564,,,,,1.0,,,,,3.0,11.0
2565,,,,,1.0,,,,,2.0,2.0
2598,1.0,,,,3.0,3.0,,,,4.0,4.0
2626,,,,,9.0,,57.0,,4.0,9.0,2.0
2630,1.0,,,,4.0,,41.0,,1.0,5.0,
2634,,,,,11.0,2.0,1.0,,,9.0,13.0
2637,2.0,,,,8.0,,21.0,,2.0,8.0,
2641,1.0,,,,9.0,4.0,1.0,,,7.0,4.0
2653,,,,,10.0,,,,,10.0,13.0
2667,2.0,,,,1.0,,,,1.0,7.0,
2669,2.0,1.0,,,10.0,,73.0,,,8.0,12.0
2670,,,,,2.0,,,,1.0,4.0,3.0
2674,1.0,,,,4.0,,1.0,,,4.0,5.0
2676,1.0,,,,5.0,,3.0,,,6.0,
2678,1.0,,,,5.0,,2.0,,,4.0,
2687,,,,,,1.0,,,,1.0,1.0
2725,,,,,4.0,,,,,2.0,8.0
2726,,1.0,,,,,,,,,
2730,1.0,,,,5.0,,15.0,,,9.0,
2734,,,,,4.0,,22.0,,,7.0,
2736,1.0,,,,3.0,,1.0,,,3.0,
2740,2.0,,,,10.0,,,,,10.0,1.0
2743,2.0,,,,11.0,,3.0,,,8.0,
2750,3.0,1.0,,,8.0,,42.0,,,7.0,
2755,,3.0,,,3.0,,8.0,,,5.0,7.0
2758,5.0,,,,17.0,,1.0,,,18.0,16.0
2772,1.0,,,,4.0,,,,,12.0,
2777,,14.0,,,,,1.0,,,2.0,3.0
2780,1.0,,,,2.0,,,,,5.0,3.0
2784,1.0,,,,4.0,,,,,4.0,7.0
2786,,,,,2.0,,,,,3.0,1.0
2792,,,,,,,13.0,,1.0,1.0,1.0
2798,1.0,,,,6.0,,29.0,,,10.0,
2805,,,,,1.0,,,,,4.0,
2809,2.0,,,,6.0,,,,1.0,8.0,
2811,2.0,1.0,,,3.0,,18.0,,,5.0,2.0
2812,1.0,,,,5.0,,1.0,,,5.0,4.0
2813,2.0,,,,5.0,,2.0,,,6.0,2.0
2833,,,,,5.0,,1.0,,,8.0,15.0
2839,,,,,1.0,,22.0,,,5.0,10.0
2844,1.0,1.0,,,1.0,,856.0,,,1.0,
2848,1.0,,,,1.0,,1.0,,,3.0,3.0
2851,1.0,,,,9.0,,14.0,,,21.0,
2860,1.0,,,,4.0,4.0,,,,14.0,9.0
2863,,6.0,,,4.0,,31.0,,5.0,3.0,
2866,3.0,1.0,,,14.0,,34.0,2.0,,15.0,
2869,,1.0,,,1.0,,1.0,,3.0,2.0,
2872,1.0,,,,6.0,8.0,,,,16.0,3.0
2875,,,,,1.0,,,,,4.0,2.0
2882,,,,,4.0,2.0,,,,7.0,9.0
2907,,,,,6.0,,,,,4.0,7.0
2910,,,,,,,2.0,,,1.0,
2917,,,,,,,5.0,,,,2.0
2923,,,,,,,,,,,
2935,,14.0,,,9.0,,114.0,,2.0,18.0,
2938,1.0,,,,2.0,,29.0,,,6.0,
2950,,,,,5.0,2.0,,,,5.0,7.0
2951,1.0,7.0,,,8.0,,865.0,,,8.0,9.0
2963,1.0,,,,3.0,,1.0,,,5.0,3.0
2964,,,,,5.0,,1.0,,,4.0,6.0
2975,,,,,6.0,,,,,7.0,10.0
2978,2.0,1.0,,,22.0,,18.0,,,21.0,
2981,,,,,3.0,,,,,3.0,2.0
2996,,,,,2.0,,22.0,,,2.0,9.0
2999,1.0,,,,3.0,,1.0,,,5.0,
3005,1.0,3.0,,,3.0,,2.0,,,4.0,
3007,1.0,9.0,,,7.0,,72.0,,,7.0,9.0
3011,1.0,,,,3.0,,4.0,,,3.0,3.0
3023,1.0,,,,18.0,,,,,18.0,2.0
3025,2.0,,,,10.0,,1.0,,,9.0,
3031,,,,,6.0,3.0,,,,11.0,23.0
3032,1.0,,,,3.0,,1.0,,,4.0,4.0
3035,1.0,,,,8.0,,6.0,,,8.0,13.0
3043,,27.0,,,5.0,,45.0,,,2.0,6.0
3061,1.0,,,,17.0,,,,1.0,15.0,
3069,2.0,,,,8.0,,,,,8.0,
3075,1.0,3.0,,,5.0,,81.0,,,7.0,12.0
3077,,,,,2.0,,,,,1.0,3.0
3080,6.0,3.0,,,11.0,,11.0,,,25.0,23.0
3083,,,,,6.0,,1.0,,,6.0,11.0
3091,,,,,3.0,,1.0,,,8.0,
3100,2.0,,,,4.0,,1.0,,1.0,5.0,
3104,,,,,3.0,,,,,2.0,9.0
3110,,,,,,2.0,1.0,,,,
3115,,,,,6.0,1.0,22.0,,,4.0,11.0
3125,2.0,,,,19.0,,5.0,,1.0,21.0,9.0
3126,,,,,2.0,,109.0,,,4.0,3.0
3145,,,,,10.0,2.0,1.0,,,11.0,
3159,,10.0,,,1.0,,4.0,1.0,,2.0,3.0
3180,,,,,3.0,,,,2.0,7.0,8.0
3185,,,,,,,,,,1.0,4.0
3189,,,,,5.0,,10.0,,,7.0,1.0
3191,2.0,,,,3.0,,,,,4.0,3.0
3197,,,,,,,58.0,,,2.0,
3198,1.0,,,,7.0,,,,,8.0,13.0
3205,,,,,2.0,,,,,3.0,5.0
3206,2.0,,,,3.0,1.0,43.0,,,2.0,12.0
3222,,,,,,,,,,,2.0
3229,1.0,,,,2.0,,1.0,1.0,,2.0,3.0
3239,,,,,6.0,,4.0,,,5.0,2.0
3245,,10.0,,,2.0,,203.0,,,2.0,5.0
3251,,,,,9.0,,,,,7.0,
3254,,,,,9.0,,2.0,,2.0,9.0,
3255,1.0,,,,1.0,,,,,3.0,5.0
3256,,8.0,,1.0,,,,,,,
3270,,158.0,,,,,,2.0,,,
3271,,,,,,,24.0,,,2.0,8.0
3273,,,,,22.0,2.0,,,,20.0,31.0
3275,,,,,,,11.0,,2.0,9.0,
3282,,,,,2.0,,17.0,1.0,,2.0,
3293,,,,,1.0,,24.0,,1.0,2.0,5.0
3297,,11.0,,,2.0,,1.0,,,2.0,
3300,1.0,18.0,,,8.0,,4.0,,,13.0,
3307,,,,,2.0,,1.0,,,3.0,
3311,,,,,1.0,,11.0,,,7.0,12.0
3318,,,,,11.0,,27.0,,4.0,10.0,17.0
3342,1.0,2.0,,,2.0,,1.0,,,4.0,9.0
3346,,,,,,,68.0,,,1.0,1.0
3348,,,,,8.0,,,,,9.0,14.0
3351,,1.0,,,,2.0,1.0,,,1.0,1.0
3357,2.0,2.0,,,9.0,,45.0,,,9.0,10.0
3363,,,,,2.0,,,,,5.0,9.0
3372,,,,,5.0,,,,,7.0,15.0
3383,,,,,4.0,,,,,3.0,5.0
3385,,,,,3.0,,,,,7.0,
3390,,,,,2.0,,57.0,,,1.0,1.0
3397,1.0,1.0,,,9.0,,2.0,,4.0,9.0,
3398,,,,,2.0,,39.0,,,2.0,
3399,,,,,7.0,,1.0,,,7.0,21.0
3405,,,,,1.0,,12.0,,,1.0,
3406,,1.0,,,3.0,,24.0,,,4.0,8.0
3421,,,,,10.0,,14.0,,,7.0,
3422,,,,,1.0,,61.0,,,8.0,19.0
3427,,,,,1.0,2.0,2.0,,,8.0,6.0
3430,1.0,1.0,1.0,,1.0,,23.0,,7.0,19.0,
3433,,9.0,,,7.0,,68.0,,1.0,6.0,
3440,,,,,2.0,,,,,4.0,
3464,,4.0,,,7.0,,1.0,,,8.0,1.0
3467,,,,,5.0,,,,,5.0,6.0
3468,,,,,1.0,,,,,1.0,
3473,,,,,5.0,,,,,5.0,6.0
3476,,,,,2.0,2.0,2.0,,,5.0,9.0
3487,,,,,,,,,,2.0,
3496,,,,,,,2.0,,,5.0,9.0
3498,,1.0,,,3.0,,4.0,,,3.0,12.0
3502,1.0,,,,1.0,,,,,2.0,3.0
3504,1.0,10.0,,,7.0,,28.0,,,6.0,
3522,,3.0,,,2.0,,45.0,,,3.0,1.0
3523,1.0,,,,23.0,,39.0,,3.0,32.0,6.0
3528,1.0,,,,14.0,,96.0,,,14.0,2.0
3532,1.0,,,,1.0,,4.0,,,1.0,
3549,,,,,,,119.0,,2.0,,1.0
3553,,,,,8.0,,,,,8.0,
3558,,,,,2.0,,,,,5.0,5.0
3568,1.0,16.0,,,5.0,1.0,9.0,,8.0,12.0,15.0
3573,,,,,,2.0,4.0,,1.0,4.0,
3574,,6.0,,,2.0,,26.0,,,2.0,
3579,,,,,3.0,,1.0,,,4.0,15.0
3581,,,,,5.0,4.0,,,,5.0,11.0
3582,,,,,4.0,,,,,4.0,10.0
3587,,,,,1.0,,,,,2.0,4.0
3596,1.0,,,,2.0,,,,,2.0,
3600,,,,,3.0,,,,,5.0,
3604,,,,,3.0,,,,,3.0,6.0
3606,,,,,1.0,,,,,1.0,
3609,,,,,3.0,,3.0,,,3.0,
3613,,4.0,,,3.0,,6.0,,1.0,3.0,3.0
3626,,,,,5.0,,,,,6.0,8.0
3635,,,,,2.0,,,,1.0,3.0,
3638,,1.0,,,9.0,1.0,13.0,,,10.0,14.0
3641,,,,,7.0,,2.0,,4.0,13.0,14.0
3648,1.0,,,,,,,,,3.0,
3650,,5.0,,,2.0,,819.0,,,2.0,6.0
3653,,,,,2.0,,1.0,,,2.0,2.0
3656,,10.0,,,11.0,,1.0,,1.0,12.0,13.0
3658,,,,,3.0,,,,,4.0,3.0
3663,,,,,2.0,,7.0,,,1.0,3.0
3665,5.0,11.0,,,41.0,,1.0,,,42.0,67.0
3671,,,,,4.0,,,,,7.0,11.0
3674,,,,,2.0,,6.0,,,3.0,3.0
3676,,7.0,,,4.0,,27.0,,,13.0,
3679,,2.0,,,5.0,,7.0,1.0,,6.0,
3680,1.0,,,,7.0,,5.0,,2.0,6.0,
3695,,3.0,,,2.0,1.0,11.0,,,1.0,
3696,1.0,2.0,,,13.0,,3.0,,1.0,10.0,
3700,,,,,,,,,2.0,1.0,
3701,,,,,1.0,,,,,1.0,
3703,2.0,,,,4.0,2.0,2.0,,2.0,10.0,27.0
3706,,2.0,,,9.0,,2.0,,,12.0,14.0
3711,,,,,1.0,,4.0,,,2.0,
3714,1.0,,,,,,,,,,
3720,,,,,8.0,,,,,8.0,
3722,,,,,2.0,,2.0,,,2.0,3.0
3724,,,,,,,,,,,2.0
3726,,,,,2.0,,92.0,,,3.0,
3727,,,,,1.0,,,,,1.0,1.0
3728,,8.0,,,5.0,,24.0,,,7.0,6.0
3735,,,,,5.0,3.0,,,5.0,11.0,20.0
3737,,10.0,,,3.0,,39.0,,1.0,4.0,
3743,,1.0,,,,,,,,,
3751,,,,,3.0,,,,,2.0,
3756,2.0,,,,10.0,,1.0,,,10.0,13.0
3764,,1.0,,,1.0,,44.0,,,2.0,2.0
3765,,,,,1.0,,,,,2.0,5.0
3766,,,,,6.0,,23.0,,,13.0,
3772,1.0,,,,2.0,2.0,,,,10.0,
3778,,,,,1.0,,,,1.0,2.0,1.0
3779,,,,,2.0,1.0,,,,10.0,
3781,,,,,3.0,,43.0,,,3.0,
3785,,,,,1.0,,3.0,,,2.0,6.0
3790,,,,,1.0,,,,,5.0,5.0
3821,1.0,,,,21.0,,16.0,,,16.0,
3842,,,,,,,,,,,
3848,,,,,6.0,,31.0,,1.0,14.0,
3851,,,,,3.0,,,,,9.0,14.0
3868,,14.0,,,2.0,,27.0,,1.0,3.0,
3881,,,,,3.0,,,,,3.0,5.0
3891,,,,,3.0,,,,,3.0,7.0
3892,,,,,2.0,,,,,1.0,
3895,,,,,,,31.0,,,1.0,2.0
3913,,,,,,,,,,1.0,
3915,,,,,7.0,,4.0,,1.0,5.0,7.0
3925,,,,,1.0,,,,,1.0,
3939,,,,,1.0,1.0,8.0,,1.0,3.0,
3941,,,,,5.0,,6.0,,,9.0,
3943,,,,,5.0,,8.0,,,9.0,
3949,,,,,2.0,,,,1.0,9.0,
3952,,,,,2.0,,6.0,,5.0,1.0,2.0
3970,,1.0,,,9.0,2.0,22.0,,,7.0,12.0
3971,,,,,12.0,,,,1.0,13.0,4.0
3977,,,,,3.0,,1.0,,,4.0,
4000,,23.0,,,4.0,,65.0,,1.0,4.0,
4006,,,,,2.0,,,,1.0,5.0,9.0
4046,,3.0,,,3.0,,25.0,,,5.0,
4047,,,,,2.0,,52.0,,,2.0,3.0
4052,,,,,5.0,,,,,4.0,3.0
4057,,,,,1.0,,,,,1.0,
4059,,,,,1.0,,,,,1.0,
4066,,,,,6.0,,,,,2.0,
4069,,9.0,,,1.0,,11.0,,,1.0,1.0
4070,1.0,,,,3.0,1.0,24.0,,,4.0,
4094,1.0,,,,8.0,,2.0,,4.0,8.0,
4106,,,,,2.0,,47.0,,,11.0,
4111,,,,,2.0,,20.0,,,4.0,9.0
4114,,,,,3.0,,20.0,,,6.0,12.0
4120,,6.0,,,8.0,,13.0,2.0,,8.0,
4121,,,,,11.0,,2.0,,,11.0,
4123,,,,,1.0,,1.0,,,5.0,18.0
4126,,,,,,,23.0,,2.0,1.0,3.0
4132,,,,,,1.0,1.0,,,,1.0
4135,,,,,3.0,,,,,4.0,3.0
4137,1.0,1.0,,,1.0,,67.0,,,4.0,
4147,,8.0,,,4.0,,2.0,,,6.0,8.0
4158,,,,,,,,,,1.0,1.0
4165,,,,,5.0,2.0,67.0,,,3.0,14.0
4177,1.0,,,,4.0,2.0,,,,4.0,9.0
4187,,,,,1.0,,33.0,,,5.0,
4193,,,,,4.0,,,,,4.0,
4205,,,,,8.0,,1.0,,,7.0,10.0
4207,,,,,,,13.0,,,2.0,3.0
4220,,1.0,,,1.0,,6.0,,,1.0,
4232,,,,,2.0,,,,,3.0,
4234,,,,,6.0,,,,,6.0,
4235,,,,,4.0,,,,2.0,3.0,
4236,,18.0,,,6.0,,78.0,,,5.0,17.0
4241,,,,,1.0,,,,,2.0,2.0
4247,,,,,10.0,,2.0,,,9.0,20.0
4249,,,,,4.0,,3.0,,,3.0,5.0
4250,,,,,2.0,,29.0,,1.0,5.0,
4251,,,,,5.0,,3.0,,,9.0,5.0
4260,,,,,2.0,,,,,2.0,1.0
4263,,,,,5.0,,,,,5.0,
4266,,,,,4.0,,45.0,,4.0,5.0,9.0
4279,,,,,,,,,,,3.0
4287,,,,,1.0,,1.0,,,2.0,3.0
4288,,,,,,,2.0,,,4.0,
4316,,2.0,,,,,10.0,,,,2.0
4346,,,,,,,4.0,,1.0,,
4353,,,,,4.0,,1.0,,,4.0,6.0
4366,,,,,4.0,,,,,4.0,
4378,,,,,4.0,2.0,1.0,,1.0,7.0,3.0
4379,,,,,2.0,,1.0,,,5.0,1.0
4380,,,,,3.0,,,,,4.0,6.0
4387,,,,,2.0,,,,,2.0,2.0
4389,,,,,3.0,,,,2.0,4.0,5.0
4390,1.0,,,,5.0,,2.0,1.0,,6.0,5.0
4395,5.0,14.0,,,29.0,,204.0,2.0,4.0,32.0,56.0
4402,1.0,,,,4.0,,2.0,,,5.0,
4406,,,,,10.0,,,,,13.0,
4407,,44.0,,,,,,,,,
4415,,,,,2.0,,41.0,,,4.0,
4418,,,,,1.0,,2.0,,,5.0,
4433,,3.0,,,1.0,,12.0,,,3.0,6.0
4437,,1.0,,,1.0,,27.0,,,2.0,
4449,,,,,,,,4.0,,,
4463,,,,,2.0,,,,,3.0,
4478,,,,,2.0,,,,1.0,5.0,7.0
4489,,,,,2.0,,3.0,,,2.0,2.0
4490,,5.0,,,,,4.0,,1.0,2.0,
4491,,,,,1.0,,,,,1.0,
4494,,,,,2.0,3.0,,,,3.0,7.0
4499,,9.0,,,2.0,,5.0,,,3.0,6.0
4501,,,,,1.0,,27.0,,,2.0,
4506,,,,,2.0,,,,,3.0,4.0
4517,,,,,1.0,,,,,2.0,
4525,,,,,1.0,,2.0,,,1.0,
4530,,,,,5.0,2.0,32.0,,,5.0,10.0
4531,,,,,11.0,,,,,9.0,
4534,,,,,1.0,,1.0,,,,
4535,,,,,,2.0,48.0,,2.0,2.0,3.0
4539,,,,,1.0,,59.0,,,,
4543,,1.0,,,3.0,,2.0,,,3.0,9.0
4551,,,,,1.0,,,,1.0,1.0,4.0
4577,,3.0,,,24.0,1.0,8.0,,2.0,25.0,46.0
4580,,3.0,,,17.0,,13.0,,2.0,19.0,39.0
4581,,70.0,,,3.0,,1.0,1.0,1.0,7.0,
4585,,5.0,,,1.0,,3.0,,,1.0,
4591,,,,,12.0,4.0,3.0,,,10.0,29.0
4601,,,,,9.0,5.0,9.0,,,10.0,
4605,,5.0,,,1.0,,6.0,,,2.0,1.0
4617,,,,,,,,5.0,,,
4629,1.0,2.0,,,2.0,,11.0,,,5.0,
4630,,,,,2.0,,11.0,1.0,,2.0,
4631,,,,,5.0,,,,,5.0,
4634,,,,,,,28.0,,,,1.0
4637,,,,,4.0,,,,3.0,7.0,2.0
4640,,2.0,,,,,19.0,,1.0,,2.0
4645,,,,,4.0,,6.0,,,2.0,4.0
4659,,,,,1.0,,,,,1.0,
4660,,,,,4.0,,1.0,,1.0,6.0,
4664,,,,,4.0,,1.0,,,4.0,6.0
4677,,,,,2.0,,17.0,,,2.0,
4686,,,,,3.0,,1.0,,,5.0,1.0
4692,,,,,1.0,,,,,6.0,10.0
4693,,,,,,,5.0,,,,2.0
4711,,4.0,,,2.0,,2.0,,,4.0,
4726,,,,,,,,,,,
4729,,7.0,,,1.0,,35.0,,,2.0,
4745,,,,,,,7.0,,,1.0,
4766,,10.0,,,10.0,,1.0,,1.0,36.0,
4775,,,,,6.0,,1.0,,,7.0,3.0
4785,,5.0,,,2.0,,18.0,,,4.0,
4790,,,,,1.0,,17.0,,1.0,2.0,
4801,,,,,,,1.0,,,1.0,
4803,,,,,2.0,,,,,2.0,2.0
4806,,,,,,2.0,32.0,,2.0,2.0,2.0
4811,,,,,,,7.0,,,,1.0
4837,,1.0,,,3.0,,60.0,,4.0,6.0,
4851,,,,,2.0,,,,,4.0,1.0
4854,,,,,1.0,,,,,2.0,5.0
4871,,,,,1.0,,6.0,,,3.0,1.0
4872,,,,,2.0,,1.0,,,4.0,
4875,,,,,,1.0,35.0,,,2.0,3.0
4876,,,,,2.0,,2.0,,,3.0,2.0
4878,,,,,1.0,,2.0,,,1.0,7.0
4883,,,,,4.0,,11.0,,,1.0,
4885,,13.0,,,4.0,,41.0,1.0,,5.0,1.0
4889,,7.0,,,2.0,,14.0,,,6.0,
4919,,,,,1.0,,,,1.0,2.0,
4940,,,,,,,60.0,,,,2.0
4953,,,,,5.0,,1.0,,1.0,8.0,2.0
4960,,,,,1.0,,,,,4.0,1.0
4969,,,,,2.0,,,,,5.0,3.0
4970,,,,,1.0,,,,,3.0,2.0
4979,,,,,6.0,,,,,6.0,2.0
4986,,15.0,,,5.0,,4.0,,,12.0,
4988,,,,,3.0,,,,,6.0,7.0
4995,,,,,1.0,,,,,1.0,
4996,,,,,,2.0,,,,2.0,3.0
5005,,12.0,,,26.0,,149.0,,2.0,43.0,53.0
5007,,,,,2.0,,9.0,,1.0,1.0,1.0
5025,,,,,1.0,,2.0,,,1.0,2.0
5031,,,,,1.0,,4.0,,,2.0,1.0
5033,,,,,6.0,,64.0,,,11.0,6.0
5042,,,,,1.0,,2.0,,,4.0,2.0
5048,,21.0,,,9.0,,28.0,,3.0,7.0,
5055,,,,,9.0,,17.0,,,10.0,
5061,,,,,,,63.0,,,,2.0
5068,,,,,1.0,,,,2.0,1.0,3.0
5098,,24.0,,,1.0,,58.0,1.0,,5.0,7.0
5105,,,,,3.0,2.0,1.0,1.0,1.0,4.0,
5115,,,,,4.0,1.0,2.0,,,6.0,5.0
5116,,,,,,,9.0,,,3.0,3.0
5118,,,,,1.0,,,,,,
5125,,,,,2.0,,,,1.0,2.0,11.0
5142,,,,,,,1.0,,1.0,,3.0
5151,,,,,1.0,,,,,1.0,
5154,,4.0,,,2.0,,242.0,,2.0,3.0,3.0
5161,,,,,2.0,,,,,2.0,3.0
5165,,,,,,,,,,1.0,
5166,,3.0,,,3.0,,30.0,,2.0,12.0,7.0
5178,,,,,3.0,2.0,8.0,,,3.0,4.0
5196,,3.0,,,1.0,,114.0,,,1.0,2.0
5198,,11.0,,,2.0,,68.0,1.0,,6.0,1.0
5216,,3.0,,,3.0,,14.0,,,3.0,1.0
5241,,,,,,,70.0,,,,2.0
5242,,,,,3.0,,,,,2.0,1.0
5255,,,,,10.0,,2.0,,2.0,7.0,23.0
5269,,,,,12.0,1.0,,,,6.0,10.0
5279,,,,,1.0,,,,,3.0,2.0
5289,,,,,1.0,,,,,4.0,4.0
5290,,,,,5.0,,,,,5.0,4.0
5291,,4.0,,,1.0,,3.0,,,1.0,
5322,,,,,,,,,,,
5334,,,,,1.0,,,,,1.0,
5338,,,,,6.0,,162.0,,,5.0,8.0
5345,,,,,1.0,,1.0,,1.0,2.0,6.0
5352,,,,,2.0,,4.0,,1.0,5.0,
5360,,,,,,,,1.0,,,
5361,,3.0,,,2.0,,15.0,,,2.0,1.0
5378,,1.0,,,7.0,,16.0,,1.0,8.0,
5397,,,,,3.0,,28.0,,,2.0,1.0
5401,,,,,2.0,,,,,2.0,
5413,,,,,,,,,,,2.0
5421,,,,,5.0,,7.0,,2.0,7.0,
5422,,,,,4.0,,,,1.0,5.0,7.0
5423,,,,,1.0,,6.0,,,1.0,1.0
5434,,,,,,,3.0,,,1.0,2.0
5438,,,,,,,,,,,
5457,,,,,,,,,,1.0,
5462,,,,,3.0,,69.0,,1.0,3.0,3.0
5463,,7.0,,,5.0,,21.0,3.0,2.0,6.0,
5464,,5.0,,,1.0,,53.0,3.0,5.0,2.0,3.0
5472,,4.0,,,,,,,,,
5473,,,,,3.0,,3.0,,,3.0,2.0
5477,,,,,2.0,,35.0,,4.0,2.0,7.0
5491,,,,,1.0,,,,,1.0,
5502,,,,,2.0,,208.0,,,2.0,2.0
5503,,1.0,,,4.0,,73.0,,1.0,9.0,7.0
5505,,,,,3.0,,11.0,,,2.0,8.0
5506,,2.0,,,2.0,,1.0,,1.0,1.0,2.0
5508,,,,,1.0,,43.0,,,4.0,
5521,,,,,3.0,,2.0,,,4.0,6.0
5531,,3.0,,,1.0,,31.0,,,1.0,2.0
5534,,,,,,,,,,3.0,
5538,,,,,,,,,3.0,,
5544,,,,,,,,,,1.0,
5553,,,,,2.0,,1.0,,,2.0,
5557,,6.0,,,,,3.0,,,,2.0
5558,,,,,6.0,,,,,6.0,2.0
5560,,,,,1.0,,,,,3.0,
5563,,6.0,,,,,3.0,,,,2.0
5564,,72.0,,,,,,4.0,,,
5565,,1.0,,,3.0,,31.0,,,4.0,4.0
5597,,,,,4.0,,,,,4.0,
5604,,,,,3.0,,7.0,,,5.0,
5606,,,,,,,,,,,1.0
5607,,,,,2.0,,,,,,4.0
5608,,,,,1.0,,,,,1.0,1.0
5615,,,,,,,,,,,
5648,,,,,,,,1.0,,,
5651,,4.0,,,3.0,,6.0,,,3.0,
5652,,,,,1.0,,3.0,,,1.0,3.0
5660,,,,,1.0,,,,,1.0,
5663,,,,,2.0,,1.0,,,2.0,3.0
5682,,,,,1.0,,,,,1.0,1.0
5697,,,,1.0,,,,16.0,,,
5701,,4.0,,,2.0,,9.0,,,6.0,
5733,,,,,5.0,,3.0,,,8.0,2.0
5745,,,,,1.0,,,,,1.0,
5767,,,,,1.0,,,,,2.0,
5789,,,,,2.0,,1.0,,,3.0,
5793,,1.0,,,4.0,,46.0,,,5.0,1.0
5864,,51.0,,,5.0,,104.0,,,6.0,2.0
5868,,,,,2.0,,2.0,,,3.0,3.0
5871,,,,,3.0,,,,,2.0,4.0
5875,,,,,2.0,,14.0,,,3.0,1.0
5896,,,,,1.0,,,,1.0,2.0,1.0
5899,,,,,1.0,,1.0,,4.0,3.0,2.0
5913,,,,,2.0,,13.0,,1.0,2.0,
5914,,,,,1.0,,2.0,,,1.0,
5919,,5.0,,,2.0,,49.0,,,2.0,4.0
5920,,,,,,,,,1.0,1.0,
5921,,,,,,,1.0,,,1.0,1.0
5949,,19.0,,,,,,,,,
5958,,,,,1.0,,9.0,,,2.0,3.0
5979,,4.0,,,2.0,,51.0,,1.0,3.0,
5981,,,,,1.0,,,,,1.0,2.0
5996,,,,,,,2.0,,2.0,,1.0
6003,,125.0,,,,,,,,,
6011,,,,,,,,,1.0,,1.0
6029,,,,,2.0,,25.0,,,2.0,
6034,,,,,1.0,,70.0,,,2.0,
6041,,,,,,,,,,1.0,1.0
6054,,1.0,,,3.0,,32.0,,,3.0,1.0
6056,,,,,,,,,,,1.0
6057,,,,,3.0,,,,,4.0,6.0
6068,,,,,,,,,,,
6072,,,,,1.0,,,,1.0,3.0,
6073,,,,,,,,,,,
6074,,,,,2.0,,42.0,,1.0,2.0,1.0
6085,,,,,1.0,,76.0,,,1.0,3.0
6088,,15.0,,,,,1.0,,,,1.0
6104,,1.0,,,,,,1.0,,,
6114,,,,,2.0,,1.0,,,1.0,4.0
6119,,,,,3.0,,,,1.0,3.0,2.0
6120,,,,,4.0,,,,1.0,5.0,3.0
6121,,,,,,,,1.0,,,
6134,,10.0,,,,,7.0,,2.0,,
6156,,,,,1.0,1.0,8.0,,,1.0,2.0
6166,,,,,5.0,,,,,5.0,3.0
6179,,,,,,,,,1.0,5.0,1.0
6181,,,,,1.0,,3.0,,,2.0,1.0
6184,,,,,,,,,,,
6195,,,,,1.0,,,,,1.0,
6203,,2.0,,,3.0,,21.0,,,4.0,7.0
6205,,,,,4.0,,,,1.0,7.0,3.0
6213,,4.0,,,4.0,,3.0,,2.0,3.0,2.0
6225,,,,,1.0,,15.0,,,1.0,2.0
6229,,1.0,,,2.0,,2.0,,,2.0,2.0
6249,,,,,3.0,,,,,3.0,8.0
6250,,,,,1.0,,28.0,,,1.0,
6253,,,,,2.0,,10.0,,,1.0,
6259,,,,,3.0,,134.0,,,3.0,4.0
6262,,,,,1.0,,21.0,,,3.0,3.0
6265,,,,,2.0,,12.0,,,2.0,10.0
6266,,,,,1.0,,,,,1.0,1.0
6303,,,,,1.0,,,,,1.0,
6306,,,,,4.0,,2.0,,,6.0,3.0
6315,,,,,5.0,,18.0,,,4.0,
6322,,,,,1.0,,,,,1.0,1.0
6327,,,,,3.0,,,,,3.0,3.0
6328,,,,,2.0,,180.0,,,3.0,
6346,,7.0,,,6.0,,70.0,,2.0,10.0,10.0
6356,,9.0,,,2.0,,220.0,,,5.0,
6358,,,,,,,,,,,1.0
6359,,,,,,,,,,,1.0
6369,,,,,1.0,,2.0,,,2.0,
6376,,,,,1.0,,,,,3.0,1.0
6377,,1.0,,,1.0,,50.0,,,2.0,
6380,,25.0,,,5.0,,2.0,,,9.0,3.0
6412,,,,,3.0,,1.0,,,4.0,7.0
6414,,,,,,,43.0,,1.0,2.0,
6416,,,,,8.0,,4.0,,4.0,8.0,
6421,,,,,1.0,,4.0,,,2.0,1.0
6426,,24.0,,,2.0,,1.0,,,3.0,5.0
6462,,,,,1.0,,7.0,,,2.0,2.0
6467,,,,,,,,,,,1.0
6474,,,,,1.0,,,,,1.0,3.0
6481,,,,,,,3.0,,3.0,,1.0
6489,,6.0,,,,,1.0,,,,4.0
6492,,,,,,,,,1.0,1.0,3.0
6496,,,,,1.0,,,,1.0,3.0,1.0
6498,,,,,3.0,,,,,3.0,4.0
6500,,,,,,,,,,,
6505,,,,,2.0,,2.0,,,1.0,1.0
6508,,,,,2.0,,2.0,,,2.0,1.0
6513,,,,,,,60.0,,,1.0,1.0
6516,,,,,2.0,,,,,2.0,7.0
6535,,,,,1.0,,,,,2.0,4.0
6545,,,,,1.0,,,,,1.0,1.0
6547,,,,,1.0,,,,,1.0,9.0
6554,,,,,1.0,,7.0,,,1.0,1.0
6557,,,,,2.0,,,,,3.0,1.0
6562,,,,,1.0,,,,,2.0,4.0
6564,,,,,1.0,,22.0,,,1.0,4.0
6565,,,,,1.0,,1.0,,,,
6567,,,,,5.0,,5.0,,,4.0,6.0
6576,,,,,3.0,,25.0,,,3.0,3.0
6585,,2.0,,,,,63.0,,,,3.0
6587,,,,,,,22.0,,,1.0,2.0
6602,,,,,3.0,,,,,4.0,4.0
6604,,,,,1.0,,5.0,,,2.0,3.0
6619,,,,,2.0,,73.0,,,2.0,1.0
6633,,7.0,,,1.0,,4.0,,2.0,4.0,5.0
6638,,26.0,,,2.0,,26.0,,,2.0,3.0
6651,,,,,2.0,,1.0,,,3.0,3.0
6659,,,,,1.0,,,,,7.0,8.0
6667,,,,,,,,,,,1.0
6670,,,,,,,,,1.0,,
6671,,,,,1.0,,,,1.0,1.0,1.0
6678,,,,,,,,,,,
6683,,,,,,,7.0,,,1.0,
6694,,,,,1.0,,33.0,,,4.0,6.0
6722,,,,,1.0,,,,3.0,1.0,
6726,,,,,,,,,,2.0,3.0
6734,,,,,1.0,,,,,2.0,3.0
6738,,24.0,,,2.0,,51.0,,,3.0,1.0
6744,,,,,1.0,,,,,2.0,
6763,,,,,2.0,,1.0,,,,
6774,,1.0,,,4.0,,86.0,,,2.0,3.0
6792,,,,,1.0,,,,,1.0,2.0
6807,,,,,7.0,,,,,8.0,8.0
6808,,,,,2.0,,4.0,,,3.0,
6821,,,,,,,,,2.0,,
6828,,3.0,,,,,3.0,,,,1.0
6845,,,,,,,,,1.0,,
6848,,,,,1.0,,131.0,,,3.0,4.0
6857,,,,,,,,,,4.0,2.0
6866,,,,,,,1.0,,,,3.0
6878,,,,,1.0,,,,,1.0,2.0
6901,,,,,5.0,,,,,5.0,8.0
6907,,,,,1.0,,22.0,,,1.0,4.0
6914,,16.0,,,2.0,,3.0,,,3.0,
6925,,,,,,,,,,,1.0
6930,,4.0,,,3.0,,24.0,,,5.0,5.0
6935,,,,,1.0,,1.0,,,1.0,1.0
6942,,,,,2.0,,4.0,,,4.0,1.0
6951,,,,,1.0,,,,,1.0,
6953,,,,,,,1.0,,1.0,,
6963,,,,,,,,,,,1.0
6967,,,,,,,3.0,,2.0,1.0,2.0
6974,,,,,8.0,,1.0,,5.0,1.0,9.0
6980,,,,,2.0,,,,1.0,5.0,17.0
6990,,,,,,,,,,1.0,2.0
6996,,,,,1.0,,169.0,,,,3.0
7000,,1.0,,,,,,1.0,,,
7004,,,,,1.0,,,,,1.0,
7025,,,,,5.0,,2.0,,,1.0,7.0
7046,,,,,1.0,,219.0,,,1.0,
7048,,,,,2.0,,7.0,,,3.0,3.0
7051,,,,,2.0,,24.0,,,2.0,1.0
7068,,2.0,,,,,1.0,,,,2.0
7074,,3.0,,,3.0,,26.0,,,6.0,2.0
7090,,,,,3.0,,42.0,,,1.0,6.0
7091,,,,,4.0,,42.0,,,2.0,2.0
7103,,,,,,,8.0,,2.0,3.0,
7113,,,,,,,,,,,
7118,,,,,,,62.0,,,1.0,4.0
7122,,,,,,,,,,,1.0
7125,,,,,5.0,,,,,3.0,
7141,,,,,,,,,,,
7178,,110.0,,,,,,2.0,,,
7186,,,,,,,,,,,2.0
7187,,,,,1.0,,3.0,,1.0,1.0,3.0
7192,,6.0,,,2.0,,8.0,,,2.0,2.0
7197,,,,,3.0,,39.0,,,3.0,6.0
7205,,,,,2.0,,5.0,,,4.0,5.0
7218,,,,,2.0,,,,,3.0,6.0
7224,,,,,1.0,,1.0,,1.0,1.0,3.0
7236,,,,,7.0,,7.0,,,6.0,5.0
7247,,,,,1.0,,,,,1.0,
7253,,,,,1.0,,,,1.0,4.0,6.0
7266,,,,,,,,,,,1.0
7270,,,,,1.0,,,,,,3.0
7277,,73.0,,,,,,,,,
7288,,,,,3.0,,,,,3.0,3.0
7290,,,,,2.0,,5.0,,,2.0,1.0
7295,,,,,3.0,,,,,3.0,5.0
7296,,,,,1.0,,14.0,,,1.0,6.0
7304,,,,,1.0,,22.0,,,1.0,
7314,,,,,5.0,,1.0,,,4.0,9.0
7320,,,,,1.0,,14.0,,,2.0,4.0
7335,,,,,2.0,,20.0,,2.0,3.0,3.0
7340,,5.0,,,3.0,,4.0,,,3.0,2.0
7343,,6.0,,,3.0,,35.0,,,3.0,3.0
7361,,2.0,,,,,1.0,,,,1.0
7366,,,,,,,,12.0,,,
7367,,,,,3.0,,3.0,,,6.0,4.0
7369,,,,,4.0,,,,,5.0,5.0
7370,,,,,6.0,,,,,10.0,12.0
7378,,,,,,,,,,,1.0
7380,,,,,,,,,1.0,,3.0
7389,,,,,,,,,,,
7398,,11.0,,,,,7.0,,,1.0,
7403,,,,,2.0,,,,,5.0,1.0
7404,,24.0,,,,,,2.0,,,
7405,,7.0,,,3.0,,35.0,,,7.0,2.0
7410,,3.0,,,2.0,,31.0,,1.0,2.0,2.0
7423,,,,,1.0,,,,,2.0,3.0
7424,,,,,1.0,,2.0,,,4.0,
7426,,,,,,,,,,1.0,
7432,,,,,,,,,,,
7433,,,,,1.0,,,,,1.0,11.0
7436,,7.0,,,,,5.0,,1.0,1.0,
7454,,,,,,,,,2.0,,1.0
7455,,,,,,,,,,,1.0
7464,,,,,,,5.0,3.0,2.0,1.0,3.0
7467,,,,,,,,7.0,,,
7486,,,,,,,2.0,,,,2.0
7493,,2.0,,,2.0,,85.0,1.0,,4.0,2.0
7519,,,,,1.0,,,,,3.0,2.0
7540,,,,,1.0,,,,1.0,1.0,7.0
7558,,,,,2.0,,,,,2.0,1.0
7571,,,,,1.0,,1.0,,2.0,1.0,
7574,,,,,1.0,,10.0,,,2.0,
7578,,,,,,,2.0,,1.0,,1.0
7597,,,,,3.0,,15.0,,,4.0,6.0
7600,,1.0,,,1.0,,31.0,,,1.0,3.0
7607,,,,,,,,,,,1.0
7616,,,,,2.0,,29.0,,,3.0,
7635,,9.0,,,,,4.0,,,1.0,1.0
7641,,5.0,,,3.0,,9.0,,,3.0,3.0
7643,,15.0,,,,,,,,,
7646,,,,,2.0,,3.0,,,1.0,1.0
7661,,,,,,,41.0,,,2.0,3.0
7687,,,,,,,8.0,,,1.0,
7702,,7.0,,,,,14.0,,,,1.0
7728,,,,,2.0,,,,,2.0,1.0
7735,,,,,1.0,,6.0,,,1.0,7.0
7736,,,,,,,,,,,
7739,,,,,2.0,,,,,2.0,2.0
7750,,25.0,,,,,,10.0,,,
7759,,,,,1.0,,2.0,,,2.0,3.0
7770,,2.0,,,1.0,,44.0,,,2.0,4.0
7780,,,,,,,,1.0,,,
7789,,6.0,,,1.0,,3.0,,,1.0,2.0
7794,,,,,1.0,,,,,1.0,4.0
7811,,,,,2.0,,81.0,,,2.0,
7830,,,,,1.0,,,,,,2.0
7832,,,,,,,,,1.0,3.0,3.0
7834,,5.0,,,,,,,,,
7836,,1.0,,,3.0,,90.0,,1.0,6.0,2.0
7839,,,,,,,,1.0,,,
7847,,,,,2.0,,8.0,,,2.0,3.0
7860,,,,,,,104.0,,2.0,1.0,1.0
7861,,,,,2.0,,14.0,,,2.0,4.0
7864,,,,,,,3.0,,1.0,,2.0
7865,,3.0,,,2.0,,14.0,2.0,1.0,4.0,6.0
7871,,,,,,,,,,,
7886,,,,,1.0,,,,2.0,2.0,1.0
7888,,,,,1.0,,,,,7.0,2.0
7901,,,,,,,1.0,,,12.0,3.0
7902,,,,,,,,,,,1.0
7903,,115.0,,,,,,2.0,,,
7909,,,,,,,,,,,2.0
7918,,1.0,,,4.0,,8.0,,,4.0,18.0
7919,,,,,1.0,,11.0,,,1.0,1.0
7935,,,,,,,,1.0,,,
7938,,,,,,,,,,,
7939,,,,,,,,,,1.0,3.0
7956,,28.0,,,,,14.0,,1.0,,
7966,,,,,,,,4.0,,,
7969,,1.0,,,1.0,,1.0,,,1.0,1.0
7975,,,,,1.0,,4.0,,,3.0,4.0
7999,,,,,,,,,,1.0,
8005,,,,,,,,,,,1.0
8007,,1.0,,,,,211.0,,1.0,1.0,4.0
8009,,,,,2.0,,4.0,,,3.0,8.0
8022,,,,,4.0,,,,,4.0,4.0
8025,,,,,1.0,,5.0,,,2.0,1.0
8033,,,,,1.0,,15.0,,,1.0,2.0
8069,,,,,2.0,,,,,1.0,1.0
8077,,2.0,,,1.0,,90.0,,,1.0,3.0
8088,,,,,1.0,,2.0,,,1.0,1.0
8105,,,,,1.0,,2.0,,,1.0,
8127,,4.0,,,2.0,,18.0,1.0,,3.0,4.0
8142,,,,,,,,,,,
8145,,,,,,,,,,,
8146,,,,,,,,,,2.0,
8150,,,,,2.0,,3.0,,,3.0,1.0
8153,,,,,,,1.0,,,,1.0
8163,,,,,,,10.0,,,1.0,
8174,,1.0,,,1.0,,1.0,,,1.0,1.0
8177,,,,,,,,,,,
8193,,,,,3.0,,,,,1.0,3.0
8201,,,,,1.0,,,,,1.0,1.0
8206,,,,,,,45.0,,,2.0,
8208,,,,,1.0,,4.0,,2.0,2.0,3.0
8231,,,,,1.0,,,,,1.0,2.0
8261,,,,,,,,4.0,,,
8274,,,,,1.0,,,,,2.0,1.0
8287,,,,,,,,,,,2.0
8298,,,,,3.0,,,,,2.0,
8314,,,,,1.0,,5.0,,,2.0,
8347,,67.0,,,16.0,,2.0,12.0,,24.0,40.0
8351,,12.0,,,,,91.0,,,,1.0
8352,,,,,,,,,,,4.0
8362,,,,,,,,,,,1.0
8363,,,,,,,,,,1.0,2.0
8378,,,,,2.0,,36.0,,,2.0,
8401,,,,,1.0,,,,,1.0,2.0
8407,,7.0,,,4.0,,1.0,,,4.0,3.0
8413,,,,,,,,1.0,,,
8417,,,,,,,,2.0,,,
8421,,,,,,,,2.0,,,
8422,,,,,1.0,,3.0,,,1.0,1.0
8440,,,,,1.0,,5.0,,,1.0,
8467,,,,,,,4.0,,,1.0,2.0
8469,,,,,2.0,,45.0,,,2.0,1.0
8474,,3.0,,,,,18.0,,1.0,,1.0
8477,,7.0,,,,,5.0,,,,2.0
8483,,,,,,,4.0,,,1.0,1.0
8488,,,,,1.0,,,,1.0,2.0,1.0
8493,,,,,,,,1.0,,,
8497,,,,,,,,,,,
8500,,,,,,,,1.0,,,
8501,,,,,,,,14.0,,,
8504,,,,,2.0,,,,,1.0,8.0
8505,,,,,2.0,,3.0,,,2.0,3.0
8519,,,,,,,,13.0,,,
8525,,,,,,,,,,1.0,
8527,,2.0,,,,,31.0,,,,1.0
8536,,,,,1.0,,,,,,
8586,,,,,1.0,,,,,1.0,2.0
8627,,,,,2.0,,2.0,,,2.0,1.0
8638,,,,,,,3.0,,,1.0,1.0
8646,,,,,1.0,,10.0,,,,4.0
8647,,,,,,,,,,,1.0
8648,,,,,,,32.0,,,,1.0
8649,,,,,,,4.0,,,,5.0
8687,,,,,,,8.0,,,2.0,2.0
8688,,,,,1.0,,6.0,,,1.0,
8695,,,,,1.0,,,,,1.0,1.0
8697,,,,,1.0,,3.0,,1.0,1.0,2.0
8698,,,,,,,,,,,
8709,,8.0,,,6.0,,74.0,,,8.0,13.0
8712,,,,,1.0,,1.0,,,,
8716,,,,,3.0,,,,,3.0,10.0
8719,,,,,1.0,,8.0,,1.0,1.0,4.0
8723,,,,,2.0,,,,,,2.0
8733,,,,,,,,,,,3.0
8752,,,,,1.0,,1.0,,,1.0,1.0
8758,,,,,,,,,,,1.0
8760,,4.0,,,,,,,,,
8764,,,,,,,,,,,
8789,,,,,,,3.0,,,,1.0
8811,,,,,1.0,,,,,1.0,
8825,,,,,1.0,,,,,,3.0
8827,,,,,1.0,,62.0,,,,
8828,,,,,2.0,,5.0,,,2.0,5.0
8833,,,,,,,,10.0,,,
8887,,,,,,,24.0,,,1.0,1.0
8898,,,,,,,,,,,3.0
8902,,,,,,,,,,,
8904,,,,,2.0,,13.0,,,2.0,
8905,,,,,,,2.0,,,1.0,2.0
8916,,104.0,,,,,,,,,
8918,,4.0,,,,,3.0,,,1.0,2.0
8928,,,,,,,,,,,
8931,,,,,1.0,,,,,,2.0
8932,,,,,1.0,,,,1.0,,
8935,,,,,,,10.0,,,,3.0
8939,,,,,,,,,,1.0,1.0
8941,,,,,1.0,,,,,1.0,5.0
8942,,,,,,,,,,,
8954,,,,,,,,,,,3.0
8955,,,,,1.0,,3.0,,,1.0,1.0
8961,,,,,1.0,,,,,1.0,
8964,,,,,3.0,,,,1.0,2.0,5.0
8969,,1.0,,,,,35.0,,1.0,,
8998,,,,,,,,,,,4.0
9003,,,,,,,2.0,,,,1.0
9015,,2.0,,,1.0,,5.0,,,2.0,1.0
9017,,,,,,,,,,1.0,1.0
9031,,,,,,,29.0,,,,1.0
9066,,3.0,,,,,,,,,
9073,,,,,,,,,,,
9115,,,,,2.0,,6.0,,,3.0,
9123,,,,,,,,9.0,,,
9143,,,,,,,5.0,,,1.0,
9158,,,,,,,,4.0,,,
9178,,,,,,,6.0,,,,1.0
9181,,,,,,,,,,,1.0
9183,,,,,,,,3.0,,,
9206,,2.0,,,,,12.0,,,1.0,
9207,,3.0,,,1.0,,87.0,,,2.0,1.0
9214,,10.0,,,,,93.0,,,,3.0
9221,,,,,,,,2.0,,,
9224,,,,,,,,,,,
9248,,,,,2.0,,4.0,,2.0,4.0,9.0
9262,,,,,,,,6.0,,,
9266,,,,,,,,,1.0,,
9269,,1.0,,,1.0,,3.0,,,1.0,6.0
9275,,,,,,,,,,,
9300,,,,,,,,,,,1.0
9336,,,,,,,,,,,1.0
9343,,,,,4.0,,,,1.0,6.0,
9345,,3.0,,,,,,2.0,,,
9351,,,,,,,,,,,2.0
9358,,,,,1.0,,,,,1.0,1.0
9375,,,,,,,,,,,2.0
9384,,,,,1.0,,2.0,,,1.0,1.0
9388,,1.0,,,,,,3.0,,,
9391,,,,,1.0,,,,,1.0,
9395,,,,,,,,4.0,,,
9406,,,,,,,,4.0,,,
9419,,,,,,,,,,,
9423,,,,,1.0,,3.0,,,,1.0
9431,,,,,,,23.0,,,1.0,3.0
9436,,,,,,,,,,1.0,1.0
9457,,13.0,,,1.0,,23.0,,,2.0,1.0
9500,,,,,,,,,,,1.0
9540,,10.0,,,,,,,,,
9545,,,,,1.0,,7.0,,,1.0,2.0
9560,,300.0,,,4.0,,82.0,61.0,11.0,7.0,23.0
9561,,83.0,,,3.0,,1.0,25.0,2.0,5.0,9.0
9571,,4.0,,,,,3.0,,,1.0,2.0
9579,,,,,,,5.0,,1.0,,
9584,,7.0,,,,,1.0,,1.0,1.0,
9590,,,,,1.0,,70.0,,,1.0,1.0
9591,,,,,2.0,,1.0,,,4.0,6.0
9594,,,,,,,,,,,
9617,,,,,,,,,,1.0,
9623,,6.0,,,2.0,,9.0,,,2.0,1.0
9638,,,,,,,73.0,,,1.0,2.0
9648,,9.0,,,,,,2.0,,,
9651,,165.0,,,,,,1.0,,,
9652,,,,,,,5.0,,,,1.0
9656,,,,,,,,,,,
9668,,,,,,,,,,,
9674,,,,,1.0,,2.0,,,3.0,4.0
9684,,,,,,,,10.0,,,
9685,,,,,1.0,,,,,1.0,2.0
9696,,3.0,,,2.0,,2.0,,,2.0,2.0
9709,,,,,,,,2.0,,,
9743,,,,,,,,,,2.0,2.0
9771,,8.0,,,1.0,,54.0,,3.0,1.0,1.0
9800,,,,,,,,,,2.0,7.0
9811,,,,,,,6.0,,,1.0,4.0
9832,,,,,1.0,,,,,1.0,1.0
9849,,39.0,,,,,,,,,
9861,,,,,,,,,,,
9868,,,,,1.0,,118.0,,,1.0,2.0
9886,,,,,,,,,1.0,,
9906,,,,,,,,,,,1.0
9943,,1.0,,,,,21.0,,1.0,,1.0
9945,,3.0,,,,,3.0,,1.0,,
9946,,,,,2.0,,,,,2.0,1.0
9960,,,,,2.0,,3.0,1.0,,2.0,2.0
9991,,7.0,,,1.0,,29.0,,,1.0,1.0
10005,,97.0,,1.0,,,,5.0,,,
10013,,,,,,,,,,,1.0
10024,,,,,1.0,,,,,3.0,
10027,,3.0,,,2.0,,4.0,,1.0,2.0,8.0
10032,,1.0,,,5.0,,100.0,,,5.0,2.0
10034,,,,,,,,,,,
10036,,2.0,,,1.0,,3.0,,,1.0,
10067,,,,,,,22.0,,,,2.0
10072,,,,,,,,,,,2.0
10074,,,,,1.0,,4.0,,,3.0,3.0
10110,,2.0,,,,,,2.0,,,
10111,,,,,,,,,,,
10113,,3.0,,,,,25.0,,,1.0,4.0
10147,,,,,,,,9.0,,,
10150,,18.0,,,,,,,,,
10167,,,,,,,,,1.0,,
10180,,,,,1.0,,8.0,,,1.0,2.0
10181,,1.0,,,1.0,,118.0,,1.0,1.0,2.0
10206,,,,,,,,,,,
10230,,,,,,,7.0,,1.0,,
10279,,,,,1.0,,1.0,,,1.0,
10308,,,,,1.0,,2.0,,,,4.0
10319,,,,,,,,1.0,,,
10441,,,,,,,1.0,,,1.0,1.0
10453,,75.0,,,,,,1.0,,,
10482,,,,,1.0,,12.0,1.0,,1.0,2.0
10501,,,,,2.0,,1.0,,,,2.0
10510,,,,,,,,,,,
10514,,,,,,,,4.0,,,
10518,,96.0,,,,,,12.0,,,
10542,,20.0,,,,,,,,,
10559,,,,,,,2.0,,1.0,,
10565,,15.0,,,1.0,,152.0,,,4.0,2.0
10592,,,,,,,2.0,,,,3.0
10635,,1.0,,,,,,,,,
10719,,,,,1.0,,,,,1.0,2.0
10721,,,,,1.0,,2.0,,,1.0,1.0
10735,,,,,,,,,,,
10781,,8.0,,,,,,,,,
10782,,,,,,,,,,,
10811,,7.0,,,1.0,,4.0,,,1.0,
10832,,,,,,,,,,2.0,
10874,,,,,,,,,,,1.0
10955,,2.0,,,,,52.0,,2.0,1.0,1.0
10982,,,,,1.0,,23.0,,,1.0,
10988,,,,,,,,,,,
11050,,1.0,,,,,1.0,,,,1.0
11066,,,,,,,1.0,,,1.0,
11092,,,,,,,,,,,
11134,,,,,,,,,,,2.0
11159,,2.0,,,,,2.0,,,1.0,
11188,,,,,2.0,,8.0,,,2.0,2.0
11190,,,,,,,,,,,
11205,,,,,2.0,,,,,2.0,
11351,,,,,,,119.0,,1.0,1.0,
11352,,,,,,,14.0,,,1.0,
11396,,2.0,,,1.0,,1.0,,,1.0,
11611,,,,,,,,,,,
11623,,,,,,,,,,,
11750,,,,,1.0,,7.0,,,1.0,
11859,,,,,1.0,,1.0,,,,
11860,,,,,,,,,,,
12002,,,,,,,,,,,
12177,,,,,2.0,,,,1.0,3.0,4.0
